Date de la mesure,Province,Nature de la mesure,Description de la mesure,Pour en savoir plus
13-Mar-20,NUNAVIK,Sanitaire ,Report de tout rassemblement non-essentiel et interdiction de tout rassemblement de plus de 250 personnes par la santé publique. ,"<a href=\""https://nrbhss.ca/sites/default/files/Postpone_All_Gatherings_FR.pdf\"">Régie régionale de la santé et des services sociaux du Nunavik</a>"
13-Mar-20,NUNAVIK,Confinement ,Fermeture des services de garde pour deux semaines.,"<a href=\""https://www.krg.ca/fr-CA/covid19 \"">Régie régionale de la santé et des services sociaux du Nunavik</a>"
13-Mar-20,NUNAVIK,Éducative-Confinement ,Fermeture des centres de la petite enfance (CPE) du Nunavik pour une période de deux semaines,"<a href=\""https://www.krg.ca/fr-CA/publications/press-releases \""> Régie régionale de la santé et des services sociaux du Nunavik</a>"
15-Mar-20,NUNAVIK,Sanitaire ," suspension des les visites aux patients dans les centres de santé, à Ullivik et dans les résidences pour aînés. ","  <a href=\""https://nrbhss.ca/sites/default/files/COVID-19_Visites_Etablissements_FR.pdf \"">Régie régionale de la santé et des services sociaux du Nunavik</a>"
19-Mar-20,NUNAVIK,Sanitaire,"Interdiction de vol vers le Nunavik pour toute personne revenant d'un voyage à l'extérieur du Canada ou ayant été en contact avec une personne atteinte de la COVID-19, jusqu'à la fin d'une période d'isolement de 14 jours • Report de tous les déplacements non essentiels du Sud vers le Nunavik. ","<a href=\""https://nrbhss.ca/sites/default/files/COVID-19_deplacements_aeriens_FR_VFinale.pdf  \"">Régie régionale de la santé et des services sociaux du Nunavik</a>"
24-Mar-20,NUNAVIK,Sanitaire ,Interdiction des déplacements aériens non essentiels.,"<a href=\""https://nrbhss.ca/sites/default/files/Travel_Ban_joint_press_release_fr.pdf \"">Régie régionale de la santé et des services sociaux du Nunavik</a>"
29-Mar-20,NUNAVIK,Sanitaire ,"Imposition pour une période indéterminée de couvre-feu dans les 14 villages nordiques du Nunavik de 21 h à 6 h, et ce, tous les jours. ","<a href=\""http://nrbhss.ca/sites/default/files/COVID-19_NUNAVIK-WIDE_CURFEW_FR.pdf  \"">Régie régionale de la santé et des services sociaux du Nunavik</a>"
30-Mar-20,NUNAVIK,Sanitaire ,Imposition pour une période indéterminée de couvre-feu de 21 h à 6 h et interdiction des rassemblements intérieurs et extérieurs. ,"<a href=\""http://nrbhss.ca/sites/default/files/Memo_interdiction_rassemblements_FR.pdf\"">Régie régionale de la santé et des services sociaux du Nunavik</a>"
30-Mar-20,NUNAVIK,Sanitaire ,"Fermeture de tous les lieux publics et annulation de tout rassemblement, y compris les messes, les funérailles, les noces et les baptêmes. ","<a href=\""http://nrbhss.ca/sites/default/files/20200330_PressReleaseGatherings_FR.pdf\"">Régie régionale de la santé et des services sociaux du Nunavik</a> "
02-Apr-20,NUNAVIK,"Sanitaire (visant à limiter la propagation 
de covid-19 au Nunavik)",Imposition d'un confinement aux 14 communautés du Nunavik à compter du 3 avril et annulation de tous les vols à destination et en partance du Nunavik ainsi qu’entre les communautés jusqu’à nouvel ordre. ," <a href=\""http://nrbhss.ca/sites/default/files/Joint_press_release_important_measure_FR.pdf\"">Régie régionale de la santé et des services sociaux du Nunavik</a>"
03-Apr-20,NUNAVIK,Confinement ,Imposition d'un confinement aux 14 communautés du Nunavik à compter du 3 avril et annulation de tous les vols à destination et en partance du Nunavik ainsi qu’entre les communautés jusqu’à nouvel ordre. ,"<a href=\""https://lactualite.com/actualites/confinement-au-nunavik-apres-les-premiers-cas-dinfection-a-la-coevid-19/ \"">L'ACTUALITE</a>"
07-Apr-20,NUNAVIK,Économique (bons alimentaires d’urgence),Offre d'un programme de bons alimentaires d’urgence pour aider les familles en difficulté. ,"<a href=\""https://docs.google.com/gview?embedded=true&url=https://krg.ca/en-CA/assets/press-releases/2020/April/food-coupon-fr.pdf\"">Administration régionale Kativik</a>"
08-Apr-20,NUNAVIK,Économique ,Offre d'une aide temporaire pour faciliter l’accès des aînés à de la nourriture achetée en magasin. ,"<a href=\""https://docs.google.com/gview?embedded=true&url=https://krg.ca/en-CA/assets/press-releases/2020/April/elders-coupons-fr.pdf \"">Administration régionale Kativik</a>"
23-Apr-20,NUNAVIK,Économique ,"Soutien accordé aux organismes communautaires qui gèrent des initiatives locales d'aide alimentaire pendant la crise de la COVID-19. 
","<a href=\""https://nrbhss.ca/sites/default/files/COVID-19_Food_Assistance_FR.pdf \"">Régie régionale de la santé et des services sociaux du Nunavik</a>"
13-May-20,NUNAVIK,Allègement du couvre-feu,"Allègement du couvre-feu qui prendra effet à 23 h, plutôt qu’à 22 h. Le couvre-feu sera maintenant effectif de 23 h à 4 h. Les Nunavimmiut peuvent également aller pêcher et chasser en-dehors des heures de couvre-feu.
","<a href=\""https://www.krg.ca/fr-CA/current-news/1032\"">Administration régionale Kativik</a>"
26-May-20,NUNAVIK,"Déconfinement (réouverture graduelle 
de la région)","Assouplissement des mesures (réouverture des services). Les lieux de travail, les garderies  et les activités économiques, tout comme les déplacements intercommunautaires, reprendront doucement. ","<a href=\""https://nrbhss.ca/sites/default/files/C_Joint_PR_FR.pdf \"">Régie régionale de la santé et des services sociaux du Nunavik</a>"
01-Jun-20,NUNAVIK,Déconfinement,Déconfinement progressif.,"<a href=\""https://docs.google.com/gview?embedded=true&url=https://krg.ca/en-CA/assets/Directives/getTogeather-fr.pdf\"">Administration régionale Kativik</a>"
01-Jun-20,NUNAVIK,Déconfinement ,Réouverture progressive.,"<a href=\""https://docs.google.com/gview?embedded=true&url=https://krg.ca/en-CA/assets/Directives/northTravel-fr.pdf \"">Administration régionale Kativik</a>"
03-Jun-20,NUNAVIK,Économique (transport maritime),Recommandations de santé publique pour les opérations de transport maritime ,"<a href=\""http://nrbhss.ca/sites/default/files/covid19/Sealift_FR.pdf \"">Régie régionale de la santé et des services sociaux du Nunavik</a>"
09-Jun-20,NUNAVIK,Déconfinement ,Annonce de six mesures concernant notamment les centres de la petite enfance et les camps de jour),"<a href=\""https://www.krg.ca/fr-CA/publications/press-releases \"">Régie régionale de la santé et des services sociaux du Nunavik</a>"
09-Jun-20,NUNAVIK,Sanitaire (réouverture),Décisions et recommandations concernant la sécurité aux milieux de travail ,"<a href=\""http://nrbhss.ca/covid-19-reopening-guidelines \"">Régie régionale de la santé et des services sociaux du Nunavik</a>"
09-Jun-20,NUNAVIK,Sanitaire (réouverture),Recommandations pour les piscines publiques Prévention de la COVID-19 Réouverture du Nunavik ,"<a href=\""http://nrbhss.ca/sites/default/files/covid19/Public_health_considerations_Pools_COVID-19_FR_06-2020.pdf \"">Régie régionale de la santé et des services sociaux du Nunavik</a>"
15-Jun-20,NUNAVIK,Educative (réouverture),COVID-19 : Décisions et recommandations de sécurité pour les parents - Garderies ,"<a href=\""http://nrbhss.ca/sites/default/files/covid19/1-pager_Daycare_Guidelines_parents_FR-2.pdf \"">Régie régionale de la santé et des services sociaux du Nunavik</a>"
16-Jun-20,NUNAVIK,Déconfinement ,Assouplissement des restrictions liées à la COVID-19 dans le cadre de la reprise graduelle des activités afin d’aider les communautés à retourner à une vie normale. ,"<a href=\""https://docs.google.com/gview?embedded=true&url=https://krg.ca/en-CA/assets/press-releases/2020/May/restrections-lifted-in-nunavik-fr.pdf \"">NRBHS</a>"
16-Jun-20,NUNAVIK,Éducative (réouverture),Recommandations de la Santé publique pour les services de camp de jour et de camp culturel pour les jeunes du Nunavik  ,"<a href=\""http://nrbhss.ca/sites/default/files/covid19/Recommendations_for_day_camp_and_youth_cultural_camp_services_FR-1.pdf \"">Régie régionale de la santé et des services sociaux du Nunavik</a>"
19-Jun-20,NUNAVIK,Économique (chasse),"Décisions et recommandations pour les activités de chasse, de pêche et de cueillette ","<a href=\""http://nrbhss.ca/covid-19-reopening-guidelines \"">Régie régionale de la santé et des services sociaux du Nunavik</a>"
19-Jun-20,NUNAVIK,Tourisme (vols),Décisions et recommandations de sécurité pour les vols à l’intérieur de la région,"<a href=\""http://nrbhss.ca/sites/default/files/covid19/Lines_North_flights_FR.pdf \"">Régie régionale de la santé et des services sociaux du Nunavik</a>"
23-Jun-20,NUNAVIK,Déconfinement ,levée au Nunavik d’une nouvelle  série de restrictions liées à la covid-19,"<a href=\""https://docs.google.com/gview?embedded=true&url=https://krg.ca/en-CA/assets/press-releases/2020/June/June23-Pressrelease-fr.pdf \"">Régie régionale de la santé et des services sociaux du Nunavik</a>"
26-Jun-20,NUNAVIK,Sanitaire (réouverture des activités) ,Recommandations destinées à la population concernant la reprise progressive des activités de Bingo au Nunavik ,"<a href=\""http://nrbhss.ca/sites/default/files/covid19/Recommendations_on_Bingo_FR.pdf \"">Régie régionale de la santé et des services sociaux du Nunavik</a>"
29-Jun-20,NUNAVIK,Déconfinement ,"Mesures fixées sur le plan économique, éducatif et sanitaire pour prévenir et contrôler les cas de Covid-19.","<a href=\""http://nrbhss.ca/sites/default/files/covid19/Nunavik-Moving_forward_safely_20-06-29_en_V3.pdf \"">Régie régionale de la santé et des services sociaux du Nunavik</a>"
30-Jun-20,NUNAVIK,Sanitaire (réouverture des activités),"Directives de santé publique - Reprise des activités physiques et sportives, individuelles et en équipe, à l’intérieur et à l’extérieur","<a href=\""https://www.quebec.ca/tourisme-et-loisirs/activites-sportives-et-de-plein-air/reprise-activites-sportives/directives-reprise-activites-sportives/ \"">QUEBEC.CA</a>"
30-Jun-20,NUNAVIK,Réouverture (activités sportives),"Directives de santé publique - Reprise des activités physiques et sportives, individuelles et en équipe, à l’intérieur et à l’extérieur","<a href=\""https://www.quebec.ca/tourisme-et-loisirs/activites-sportives-et-de-plein-air/reprise-activites-sportives/directives-reprise-activites-sportives/\"">Régie régionale de la santé et des services sociaux du Nunavik</a>"
08-Jul-20,NUNAVIK,Sanitaire (réouverture),Recommandations pour la réouverture des maisons des jeunes au Nunavik  ,"<a href=\""http://nrbhss.ca/sites/default/files/covid19/Recommendations_for_Reopening_of_Youth_Centres_in_Nunavik_FR.pdf\"">Régie régionale de la santé et des services sociaux du Nunavik</a>"
08-Jul-20,NUNAVIK,Sanitaire (réouverture des activités),"Recommandations pour la réouverture des Centres communautaires (arénas, centres de loisirs et gymnases) au Nunavik ","<a href=\""http://nrbhss.ca/sites/default/files/covid19/Recommendations_for_Community_Centres_FR.pdf \"">Régie régionale de la santé et des services sociaux du Nunavik</a>"
13-Jul-20,NUNAVIK,Sanaitaire (réouverture),Recommandations de santé publique pour les salles d’entraînement ,"<a href=\""http://nrbhss.ca/covid-19-reopening-guidelines \"">Régie régionale de la santé et des services sociaux du Nunavik</a>"
14-Jul-20,NUNAVIK,Sanitaire (réouverture),Mesures de prévention pour la santé des travailleuses et des travailleurs des secteurs de la restauration et des bars. ,"<a href=\""http://nrbhss.ca/sites/default/files/covid19/Affiche-restaurants-bars_FR.pdf \"">Régie régionale de la santé et des services sociaux du Nunavik</a>"
17-Jul-20,NUNAVIK,Sanitaire (réouverture des activités),Recommandations de réouverture progressive à la population pour les centres de couture au Nunavik 2020 ," <a href=\""http://nrbhss.ca/sites/default/files/covid19/Recommendations_on_sewing_centers_FR.pdf\"">Régie régionale de la santé et des services sociaux du Nunavik</a>"
21-Jul-20,NUNAVIK,Sanitaire ,Gestion des dépouilles et mesures de prévention et de protection pour les professionnels de la santé du Nunavik ,"<a href=\""https://nrbhss.ca/sites/default/files/covid19/COVID_Nunavik_Tending_to_bodies_Measures_Health_prof_in_HC_and_CLSC_FR_2020-07-21.pdf \"">Régie régionale de la santé et des services sociaux du Nunavik</a>"
23-Jul-20,NUNAVIK,Sanitaire (reprise des activités),Mesures de prévention pour la reprise ou la poursuite des activités des organismes communautaires ,"<a href=\""http://nrbhss.ca/sites/default/files/covid19/Guidelines_Community_Organizations_FR.pdf \"">Régie régionale de la santé et des services sociaux du Nunavik</a>"
24-Jul-20,NUNAVIK,Économique (chasse),"Activités de chasse, pêche et cueillette - directives supplémentaires ","<a href=\""http://nrbhss.ca/sites/default/files/covid19/Guidelines_Harvesting_Trips_FR.pdf \"">Régie régionale de la santé et des services sociaux du Nunavik</a>"
29-Jul-20,NUNAVIK,Économique et sanitaire ,Recommandations de la santé publique pour le retour au travail dans les mines. ,"<a href=\""http://nrbhss.ca/sites/default/files/covid19/Recommendations_Mine_Workers_EN_2020-07-29.pdf\"">Régie régionale de la santé et des services sociaux du Nunavik</a>"
03-Aug-20,NUNAVIK,Sanitaire (réouverture),Recommandations préventives pour la réouverture des épiceries.,"<a href=\""http://nrbhss.ca/sites/default/files/covid19/Recommendations_for_grocery_strores_EN_08-03-2020.pdf\"">Régie régionale de la santé et des services sociaux du Nunavik</a>"
20-Aug-20,NUNAVIK,Économique (exploitation minière),Mesures concernant l'exploration minière et les études de terrain au Nunavik.,"<a href=\""http://nrbhss.ca/sites/default/files/covid19/Mineral_Exploration_and_field_studies_%20project_guidelines_Checklist_FR_2020-09-10.pdf\"">Régie régionale de la santé et des services sociaux du Nunavik</a>"
24-Aug-20,NUNAVIK,Déconfinement ,Reprise des opérations des systèmes réguliers de réservation et d’enregistrement de vol.,"<a href=\""https://nrbhss.ca/sites/default/files/Flights_Entering_Nunavik_FR.pdf \"">Régie régionale de la santé et des services sociaux du Nunavik</a>"
01-Sep-20,NUNAVIK,Économique ,Retour au travail progressif des résidents du Nunavik travaillant à la mine Raglan.,"<a href=\""https://www.krg.ca/fr-CA/publications/press-releases \"">Administration régionale Kativik</a>"
01-Oct-20,NUNAVIK,Sanitaire / tourisme,Recommandations pour les Visiteurs en provenance de l’extérieur du Nunavik. ,"<a href=\""http://nrbhss.ca/sites/default/files/covid19/Guidelines_Activities_in_Nunavik_Parks_FR_2020-10-01.pdf \"">Régie régionale de la santé et des services sociaux du Nunavik</a>"
01-Oct-20,NUNAVIK,Sanitaire / tourisme,Recommandations concernant les activités d’écotourisme et de pourvoirie au Nunavik (incluant excursions guidées d’une journée) ,"<a href=\""http://nrbhss.ca/sites/default/files/covid19/Guidelines_Tourism_Outfitting_FR-2020-10-01.pdf \"">Régie régionale de la santé et des services sociaux du Nunavik</a>"
13-Oct-20,NUNAVIK,Sanitaire (rassemblement),"Directives préliminaires de santé publique pour les réunions intercommunautaires, les sessions de formation et autres rassemblements.","<a href=\""http://nrbhss.ca/sites/default/files/covid19/Preliminary_AGM_Guidelines_EN.pdf \"">Régie régionale de la santé et des services sociaux du Nunavik</a>"
20-Oct-20,NUNAVIK,Éducative (réouverture),Décisions et recommandations pour la réouverture sécuritaire des garderies au Nunavik ,"<a href=\""http://nrbhss.ca/sites/default/files/covid19/Public_health_recommendations_for_daycare_services_10-20-2020_FR.pdf\"">Régie régionale de la santé et des services sociaux du Nunavik</a>"
09-Nov-20,NUNAVIK,2e vague,Surveillance de près de la situation de la COVID-19 par rapport à la deuxième vague dans le sud du Québec.,"<a href=\""https://ici.radio-canada.ca/espaces-autochtones/1747563/nunavik-pandemie-inuit-sante-quarantaine-vague \"">ICI RADIO CANADA</a>"
11-Nov-20,NUNAVIK,Mesure transversale,Mesure concernant l'amélioration de l'accès à internet de façon fiable.,"<a href=\""https://docs.google.com/viewerng/viewer?url=https://krg.ca/en-CA/assets/press-releases/2020/November/Broadband-Access-PressRelease-fr.pdf \"">Administration régionale Kativik</a>"
27-Nov-20,NUNAVIK,Sanitaire,Recommendations pour la réouverture des églises en prévention de la COVID-19 ,"<a href=\""http://nrbhss.ca/sites/default/files/covid19/Recommendations_for_Nunavik_churches_EN_2020-11-27.pdf \"">Régie régionale de la santé et des services sociaux du Nunavik</a>"
13-Mar-20,NUNAVUT,Sanitaire ,"Évitement des voyages internationaux et réduction des voyages non essentiels au Canada. Les voyages à l’intérieur du territoire ne sont pas restreints pour le moment. Annulation des évènements publics. Évitement des grands rassemblements et limitation des visites.
","<a href=\""https://www.gov.nu.ca/fr/sante/news/reponse-du-gouvernement-du-nunavut-la-covid-19 \""> Gouvernement du Nunavut</a>"
16-Mar-20,NUNAVUT,Éducative ,Fermeture temporaire de toutes les écoles et garderies du Nunavut.,"<a href=\""https://www.gov.nu.ca/fr/sante/news/fermeture-temporaire-de-toutes-les-ecoles-et-garderies-du-nunavut-comme-mesure-preventive\""> Gouvernement du Nunavut</a>"
18-Mar-20,NUNAVUT,Sanitaire (état d’urgence),Déclaration de l’état d’urgence sanitaire et adoption de mesures restrictives.,"<a href=\""https://www.gov.nu.ca/fr/sante/news/le-ministre-de-la-sante-declare-letat-durgence-sanitaire\""> Gouvernement du Nunavut</a>"
19-Mar-20,NUNAVUT,Économique,"Mise à jour du ministère du Développement économique et des Transports sur la fermeture, l'annulation et la suspension de certains services. ","<a href=\""https://www.gov.nu.ca/fr/developpement-economique-et-des-transports/news/covid-19-mise-jour-du-ministere-du-developpement\""> Gouvernement du Nunavut</a>"
20-Mar-20,NUNAVUT,Économique ,Mise à jour du ministère du Développement économique et des Transports sur la modification de certains services.,"<a href=\""https://www.gov.nu.ca/fr/developpement-economique-et-des-transports/news/covid-19-mise-jour-du-ministere-du-developpement\""> Gouvernement du Nunavut</a>"
23-Mar-20,NUNAVUT,Tourisme ,"Interdiction de tout  voyage au Nunavut, sauf exception et mesures concernant la quarantaine. ","<a href=\""https://www.gov.nu.ca/fr/sante/news/ladministrateur-en-chef-de-la-sante-publique-interdit-tout-voyage-au-nunavut-sauf \""> Gouvernement du Nunavut</a>"
23-Mar-20,NUNAVUT,Administrative ,Fermeture des édifices du NUNAVUT au public et modification des services.  ,"<a href=\""https://www.gov.nu.ca/fr/services-communautaires-et-gouvernementaux/news/covid-19-mise-jour-du-ministere-des-services \""> Gouvernement du Nunavut</a>"
27-Mar-20,NUNAVUT,Économique ,"Soutien immédiat aux entreprises nunavoises par le biais du Programme de soutien aux petites entreprises.
","<a href=\""https://www.gov.nu.ca/fr/developpement-economique-et-des-transports/news/covid-19-mise-jour-du-ministere-du-developpement\""> Gouvernement du Nunavut</a>"
02-Apr-20,NUNAVUT,Sanitaire ,Prolongement de la période d’urgence sanitaire.,"<a href=\""https://www.gov.nu.ca/fr/sante/news/le-ministre-de-la-sante-prolonge-la-periode-durgence-sanitaire\""> Gouvernement du Nunavut</a>"
02-Apr-20,NUNAVUT,Économique ,Répit financier sur le loyer commercial des petites entreprises affectées par la COVID-19. ,"<a href=\""https://gov.nu.ca/fr/page/aide-durgence-du-canada-pour-le-loyer-commercial \""> Gouvernement du Nunavut</a>"
20-Apr-20,NUNAVUT,Économique ,Fourniture de 2 millions $ de financement additionnel aux municipalités pour couvrir les dépenses découlant de la COVID-19. ,"<a href=\""https://www.gov.nu.ca/fr/services-communautaires-et-gouvernementaux/news/covid-19-mise-jour-du-ministere-des-services \""> Gouvernement du Nunavut</a>"
22-Apr-20,NUNAVUT,Économique,Investissement par le ministère du Développement économique et des Transports et la Société de développement du Nunavut pour la confection de masques non médicaux destinés au public. ,"<a href=\""https://www.gov.nu.ca/fr/developpement-economique-et-des-transports/news/covid-19-mise-jour-du-ministere-du-developpement\""> Gouvernement du Nunavut</a>"
29-Apr-20,NUNAVUT,Économique,Investissement par le ministère du Développement économique et des Transports et la Société de développement du Nunavut pour la confection de masques non médicaux destinés au public. ,"<a href=\""https://www.gov.nu.ca/fr/developpement-economique-et-des-transports/news/covid-19-mise-jour-du-ministere-du-developpement \""> Gouvernement du Nunavut</a>"
12-May-20,NUNAVUT,Économique ,Mesures concernant les demandes au titre du Programme de prospection du Nunavut.,"<a href=\""https://www.gov.nu.ca/fr/developpement-economique-et-des-transports/news/demandes-au-titre-du-programme-de-prospection-du-0 \""> Gouvernement du Nunavut</a>"
19-May-20,NUNAVUT,Déconfinement ,Plan de déconfinement graduel.,"<a href=\""https://www.msn.com/fr-ca/actualites/quebec-canada/quels-sont-les-plans-de-d%C3%A9confinement-%C3%A0-travers-le-canada/ar-BB14abx9\""> Gouvernement du Nunavut</a>"
01-Jun-20,NUNAVUT,Économique, Soutien aux travailleuses et travailleurs essentiels.,"<a href=\""https://www.gov.nu.ca/fr/finances/news/le-gn-et-le-gc-offrent-du-soutien-aux-travailleuses-et-travailleurs-essentiels \""> Gouvernement du Nunavut</a>"
08-Jul-20,NUNAVUT,Économique ,Processus pour les entreprises et particuliers souhaitant mener des activités d’exploration minérale ou des travaux  autres au Nunavut.,"<a href=\""https://www.gov.nu.ca/fr/developpement-economique-et-des-transports/news/directives-lintention-de-non-residents-du-nunavut\""> Gouvernement du Nunavut</a>"
09-Jul-20,NUNAVUT,Sanitaire,Prolongement de l’urgence de santé publique.,"<a href=\""https://www.gov.nu.ca/fr/sante/news/le-nunavut-prolonge-lurgence-de-sante-publique \""> Gouvernement du Nunavut</a>"
20-Jul-20,NUNAVUT,Économique ,"Lancement de ShopNunavut.ca, une plateforme qui met de l’avant les produits, services et expériences accessibles aux Nunavummiuts.
","<a href=\""https://www.gov.nu.ca/fr/developpement-economique-et-des-transports/news/covid-19-mise-jour-du-ministere-du-developpement\""> Gouvernement du Nunavut</a>"
06-Aug-20,NUNAVUT,Sanitaire ,Prolongement de l’urgence de santé publique.,"<a href=\""https://www.gov.nu.ca/fr/sante/news/le-nunavut-prolonge-lurgence-de-sante-publique-0 \""> Gouvernement du Nunavut</a>"
10-Aug-20,NUNAVUT,Sanitaire ,Directives sanitaires relatives à la réouverture des entreprises.,"<a href=\""https://www.stikeman.com/fr-ca/savoir/guides/Le-retour-au-travail-et-les-plans-de-reouverture \""> Gouvernement du Nunavut</a>"
18-Sep-20,NUNAVUT,Économique ,"Plus de 2,5 millions de dollars en fonds d'aide et de relance sont versés à 46 entreprises du Nunavut","<a href=\""https://www.canada.ca/fr/developpement-economique-nord/nouvelles/2020/09/plus-de-25-millions-de-dollars-en-fonds-daide-et-de-relance-sont-verses-a-46-entreprises-du-nunavut.html \""> Gouvernement du Nunavut</a>"
01-Oct-20,NUNAVUT,Sanitaire ,Prolongement de l’urgence de santé publique.,"<a href=\""https://www.gov.nu.ca/fr/sante/news/le-nunavut-prolonge-lurgence-de-sante-publique-1\""> Gouvernement du Nunavut</a>"
01-Oct-20,NUNAVUT,Sanitaire ,"Fermeture des frontières du Nunavut à la majorité des non-résidents du Nunavut. Des exemptions sont toutefois accordées aux personnes qui arrivent de Churchill, au Manitoba.","<a href=\""https://ici.radio-canada.ca/nouvelle/1738089/nunavut-covid-restrictions-sanitaires \""> Gouvernement du Nunavut</a>"
03-Oct-20,NUNAVUT,Sanitaire ,"Reprise de presque toutes les activités, tout en maintenant certaines mesures comme la limite de rassemblements à 50 personnes.
","<a href=\""https://ici.radio-canada.ca/nouvelle/1737370/mesures-plan-provinces-canada-deconfinement-pandemie-covid-coronavirus\""> Gouvernement du Nunavut</a>"
15-Oct-20,NUNAVUT,Sanitaire ,Prolongement de l’urgence de santé publique.,"<a href=\""https://www.gov.nu.ca/fr/sante/news/le-nunavut-prolonge-lurgence-de-sante-publique-2 \""> Gouvernement du Nunavut</a>"
29-Oct-20,NUNAVUT,Sanitaire ,Prolongement de l’urgence de santé publique.,"<a href=\""https://www.gov.nu.ca/fr/sante/news/le-nunavut-prolonge-lurgence-de-sante-publique-3 \""> Gouvernement du Nunavut</a>"
06-Nov-20,NUNAVUT,Sanitaire ,ARRÊTÉ LIMITANT LES DÉPLACEMENTS ET LES RASSEMBLEMENTS DANS LA COLLECTIVITÉ ,à confirmer
11-Nov-20,NUNAVUT,Sanitaire ,"Modification, fermeture, annulation et suspension de services.
","<a href=\""https://www.gov.nu.ca/fr/executif-et-des-affaires-intergouvernementales/news/covid-19-mise-jour-du-gn-11-novembre-2020 \""> Gouvernement du Nunavut</a>"
12-Nov-20,NUNAVUT,Sanitaire ,Prolongement de l’urgence de santé publique.,"<a href=\""https://www.gov.nu.ca/fr/sante/news/le-nunavut-prolonge-lurgence-de-sante-publique-4 \""> Gouvernement du Nunavut</a>"
16-Nov-20,NUNAVUT,Économique ,"Indication sur les services qui sont en cours et les restrictions qui s'appliquent.
","<a href=\""https://www.gov.nu.ca/fr/developpement-economique-et-des-transports/news/covid-19-mise-jour-du-ministere-du-developpement \""> Gouvernement du Nunavut</a>"
16-Nov-20,NUNAVUT,Sanitaire ,Prolongement de l’urgence sanitaire.,"<a href=\""https://www.gov.nu.ca/fr/sante/news/le-nunavut-prolonge-lurgence-de-sante-publique-5 \""> Gouvernement du Nunavut</a>"
26-Nov-20,NUNAVUT,Sanitaire ,Prolongement de l’urgence sanitaire.,"<a href=\""https://www.gov.nu.ca/fr/sante/news/le-nunavut-prolonge-lurgence-de-sante-publique-5\""> Gouvernement du Nunavut</a>"
27-Nov-20,NUNAVUT,Économique,"Indication sur les services qui sont en cours et les restrictions qui s'appliquent.
",À confirmer
30-Nov-20,NUNAVUT,Économique - sanitaire - sécuritaire,Directives relatives aux demandes d’entrée dans le territoire concernant les projets de construction ou de voyage.,"<a href=\""https://www.gov.nu.ca/fr/services-communautaires-et-gouvernementaux/news/covid-19-mise-jour-du-ministere-des-services \""> Gouvernement du Nunavut</a>"
04-Dec-20,NUNAVUT,Éducative - financière,Déploiement d'iPad avec accès à Internet pour les élèves et le personnel enseignant des 11e et 12e années pour faciliter l'apprentissage en ligne. ,"<a href=\""https://www.gov.nu.ca/fr/education/news/covid-19-mise-jour-des-services-du-ministere-de-leducation\""> Gouvernement du Nunavut</a>"
07-Dec-20,NUNAVUT,Économique,Directives concernant les modifications qui portent sur les projets de construction ou de voyage dans le territoire.,"<a href=\""https://www.gov.nu.ca/fr/services-communautaires-et-gouvernementaux/news/covid-19-mise-jour-du-ministere-des-services \""> Gouvernement du Nunavut</a>"
10-Dec-20,NUNAVUT,Sanitaire ,Prolongement de l’état d’urgence.,"<a href=\""https://www.gov.nu.ca/fr/sante/news/le-nunavut-prolonge-lurgence-de-sante-publique-6\""> Gouvernement du Nunavut</a>"
12-Mar-20,TERRE-NEUVE-ET-LABRADOR,Santitaire,Recommandations de restrictions de visites pour les gens ayant voyagé en dehors de la province dans les 14 derniers jours ou présentant des symptômes s'assimilant à la Covid-19. ,"<a href=\""https://www.gov.nl.ca/releases/2020/health/0312n02/ \""> Gouvernement de Terre-Neuve-et-Labrador</a>"
13-Mar-20,TERRE-NEUVE-ET-LABRADOR,Santitaire,Fermeture temporaire des piscines et les centres de formation. ,"<a href=\""https://www.gov.nl.ca/releases/2020/cssd/0313n05/ \""> Gouvernement de Terre-Neuve-et-Labrador</a>"
15-Mar-20,TERRE-NEUVE-ET-LABRADOR,Santitaire,Restrictions COVID-19 imposées aux établissements des autorités sanitaires régionales.,"<a href=\""https://www.gov.nl.ca/releases/2020/health/0315n03/ \""> Gouvernement de Terre-Neuve-et-Labrador</a>"
24-Mar-20,TERRE-NEUVE-ET-LABRADOR,Économique (soutien aux familles),Soutien de plus de 120 millions de dollars accordé aux organisations communautaires pour supporter les familles et les communautés. ,"<a href=\""https://www.gov.nl.ca/releases/2020/exec/0324n04/\""> Gouvernement de Terre-Neuve-et-Labrador</a>"
25-Mar-20,TERRE-NEUVE-ET-LABRADOR,Économique (soutien aux familles),Plan de soutien aux familles expérimentant de l'insécurité alimentaire due à la Covid-19. ,"<a href=\""https://www.gov.nl.ca/releases/2020/exec/0325n04/ \""> Gouvernement de Terre-Neuve-et-Labrador</a>"
02-Apr-20,TERRE-NEUVE-ET-LABRADOR,Éducative,Annulation des examens officiels pour l'année scolaire. ," <a href=\""https://www.gov.nl.ca/releases/2020/exec/0402n02/\""> Gouvernement de Terre-Neuve-et-Labrador</a>"
03-Apr-20,TERRE-NEUVE-ET-LABRADOR,Économique (sanitaire),Recommandations de transiter vers les paiements électroniques.  ,"<a href=\""https://www.gov.nl.ca/releases/2020/fin/0403n04/ \""> Gouvernement de Terre-Neuve-et-Labrador</a>"
03-Apr-20,TERRE-NEUVE-ET-LABRADOR,Économique,Prolongation de la date d'expiration de la validation annuelle pour tous les permis d'aquaculture existants.,"<a href=\""https://www.gov.nl.ca/releases/2020/flr/0403n01/ \""> Gouvernement de Terre-Neuve-et-Labrador</a>"
06-Apr-20,TERRE-NEUVE-ET-LABRADOR,Économique,Modification des règles de fermeture des magasins afin de permettre à certains magasins d'ouvrir leurs portes le vendredi saint.,"<a href=\""https://www.gov.nl.ca/releases/2020/aesl/0406n03/ \""> Gouvernement de Terre-Neuve-et-Labrador</a>"
07-Apr-20,TERRE-NEUVE-ET-LABRADOR,Économique,Modifications apportées aux délais de production des déclarations d'impôt et remise des intérêts et des pénalités.,"<a href=\""https://www.gov.nl.ca/releases/2020/fin/0407n05/ \""> Gouvernement de Terre-Neuve-et-Labrador</a>"
18-Apr-20,TERRE-NEUVE-ET-LABRADOR,Sanitaire ,Déclaration d'état d'urgence.,"<a href=\""https://www.gov.nl.ca/covid-19/files/Special-Measures-Order-Amendment-No.-7-April-24-2020.pdf \""> Gouvernement de Terre-Neuve-et-Labrador</a>"
24-Apr-20,TERRE-NEUVE-ET-LABRADOR,Économique,Modifications apportées aux règlements sur les coopératives de crédit.,"<a href=\""https://www.gov.nl.ca/releases/2020/servicenl/0424n02/ \""> Gouvernement de Terre-Neuve-et-Labrador</a>"
29-Apr-20,TERRE-NEUVE-ET-LABRADOR,Économique,Compensations accordées aux emplyés du secteur privé qui doivent s'isoler à cause des restrictions de la Covid-19. ,"<a href=\""https://www.gov.nl.ca/releases/2020/exec/0429n03/\""> Gouvernement de Terre-Neuve-et-Labrador</a>"
01-May-20,TERRE-NEUVE-ET-LABRADOR,Éducative,Informations sur la réouverture des services de garde d'enfants réglementés.,"<a href=\""https://www.gov.nl.ca/releases/2020/eecd/0501n05/\""> Gouvernement de Terre-Neuve-et-Labrador</a>"
01-May-20,TERRE-NEUVE-ET-LABRADOR,Finance,Initiatives de soutien aux entreprises pendant la pandémie COVID-19 et préparation du terrain pour une future reprise économique.,"<a href=\""https://www.gov.nl.ca/releases/2020/fin/0501n02/\""> Gouvernement de Terre-Neuve-et-Labrador</a>"
03-May-20,TERRE-NEUVE-ET-LABRADOR,Déconfinement ,Plan de déconfinement.,"<a href=\""https://www.journaldemontreal.com/2020/05/03/dix-provinces-dix-plans-de-relance-1 \""> Journal de Montréal</a>"
06-May-20,TERRE-NEUVE-ET-LABRADOR,Économique,Soutien pour les entreprises affectées par la Covid-19. ,"<a href=\""https://www.gov.nl.ca/releases/2020/tcii/0506n03/\""> Gouvernement de Terre-Neuve-et-Labrador</a>"
11-May-20,TERRE-NEUVE-ET-LABRADOR,Déconfinement ,Présentation de la première phase de déconfinement.,"<a href=\""https://ici.radio-canada.ca/nouvelle/1701235/covid-terre-neuve-covid19-deconfinement-traversier-reouverture\""> Ici Radio Canada</a>"
14-May-20,TERRE-NEUVE-ET-LABRADOR,Économique,Mesures financières pour les consommateurs d'électricité. ,"<a href=\""https://www.gov.nl.ca/releases/2020/exec/0514n04/\""> Gouvernement de Terre-Neuve-et-Labrador</a>"
15-May-20,TERRE-NEUVE-ET-LABRADOR,Économique,Offre d'une subvention de 3 500 dollars aux organisations leur permettant d'embaucher des étudiants pour aider les personnes âgées et d'autres groupes vulnérables confrontés à l'isolement social pendant la pandémie COVID-19.,"<a href=\""https://www.gov.nl.ca/releases/2020/aesl/0515n04/ \""> Gouvernement de Terre-Neuve-et-Labrador</a>"
15-May-20,TERRE-NEUVE-ET-LABRADOR,Santitaire,Directives pour toutes les personnes arrivant de l'extérieur de la province. ,"<a href=\""https://www.cfib-fcei.ca/en/advocacy/employment-and-labour/newfoundland-and-labrador-covid-19-relief-measures-your-business \""> Fédération canadienne de l'entreprise indépendante</a>"
15-May-20,TERRE-NEUVE-ET-LABRADOR,Économique,Programme d'aide aux petites entreprises ,"<a href=\""https://www.cfib-fcei.ca/en/advocacy/employment-and-labour/newfoundland-and-labrador-covid-19-relief-measures-your-business\""> Fédération canadienne de l'entreprise indépendante</a>"
22-May-20,TERRE-NEUVE-ET-LABRADOR,Économique,"Report ou suppression d'un certain nombre de frais, ainsi que des mesures visant à alléger certaines des pressions opérationnelles auxquelles sont confrontées les entreprises.","<a href=\""https://www.gov.nl.ca/releases/2020/servicenl/0522n02/ \""> Gouvernement de Terre-Neuve-et-Labrador</a>"
25-May-20,TERRE-NEUVE-ET-LABRADOR,Tourisme - économique,Programme de soutien aux opérateurs touristiques et hôteliers admissibles touchés par la pandémie COVID-19,"<a href=\""https://www.gov.nl.ca/releases/2020/exec/0525n04/\""> Gouvernement de Terre-Neuve-et-Labrador</a>"
25-May-20,TERRE-NEUVE-ET-LABRADOR,Éducative (réouverture des écoles),Réouverture des écoles.,"<a href=\""https://www.gov.nl.ca/releases/2020/eecd/0525n08/ \""> Gouvernement de Terre-Neuve-et-Labrador</a>"
26-May-20,TERRE-NEUVE-ET-LABRADOR,Économique,Initiative de soutien à l'industrie pétrolière et gazière offshore.,"<a href=\""https://www.gov.nl.ca/releases/2020/exec/0526n03/ \""> Gouvernement de Terre-Neuve-et-Labrador</a>"
27-May-20,TERRE-NEUVE-ET-LABRADOR,Sanitaire (famille),Rétablissement des visites familiales en personne lorsqu'elles sont dans le meilleur intérêt des enfants et des jeunes pris en charge.,"<a href=\""https://www.gov.nl.ca/releases/2020/cssd/0527n01/ \""> Gouvernement de Terre-Neuve-et-Labrador</a>"
29-May-20,TERRE-NEUVE-ET-LABRADOR,Éducative (soutien aux étudiants),Annonce d'améliorations au Programme provincial de prêts aux étudiants pour l'année scolaire 2020-21.,"<a href=\""https://www.gov.nl.ca/releases/2020/aesl/0529n06/ \""> Gouvernement de Terre-Neuve-et-Labrador</a>"
01-Jun-20,TERRE-NEUVE-ET-LABRADOR,Économique,Financement pour le programme de soutien aux jardins communautaires 2020-21.,"<a href=\""https://www.gov.nl.ca/releases/2020/flr/0601n08/ \""> Gouvernement de Terre-Neuve-et-Labrador</a>"
07-Jun-20,TERRE-NEUVE-ET-LABRADOR,Santitaire,Mesures sanitaires et entrée de l'alerte 3.,"<a href=\""https://www.gov.nl.ca/releases/2020/health/0607n02/ \""> Gouvernement de Terre-Neuve-et-Labrador</a>"
08-Jun-20,TERRE-NEUVE-ET-LABRADOR,Économique,"Measures d'assistance aux industries des mines, de l'exploration minérale et des carrières.","<a href=\""https://www.gov.nl.ca/releases/2020/nr/0608n02/ \""> Gouvernement de Terre-Neuve-et-Labrador</a>"
08-Jun-20,TERRE-NEUVE-ET-LABRADOR,Économique,"Report de paiement de la prime d'indemnisation des travailleurs jusqu'au 31 août 2020, sans intérêt ni pénalité.","<a href=\""https://www.cfib-fcei.ca/en/advocacy/employment-and-labour/newfoundland-and-labrador-covid-19-relief-measures-your-business\""> Fédération canadienne de l'entreprise indépendante</a>"
08-Jun-20,TERRE-NEUVE-ET-LABRADOR,Tourisme,Publication des critères d'éligibilité pour le nouveau programme de soutien au tourisme et à l'hôtellerie.,"<a href=\""https://www.cfib-fcei.ca/en/advocacy/employment-and-labour/newfoundland-and-labrador-covid-19-relief-measures-your-business \""> Fédération canadienne de l'entreprise indépendante</a>"
08-Jun-20,TERRE-NEUVE-ET-LABRADOR,Santitaire,Assouplissement des restrictions en matière de santé publique.,"<a href=\""https://www.pwc.com/ca/fr/services/tax/government-economic-response-to-covid-19/june-8-update.html \""> PwC</a>"
08-Jun-20,TERRE-NEUVE-ET-LABRADOR,Économique,"Soutien aux industries des mines, de l’exploration minière et de l’exploitation en carrière.","<a href=\""https://www.pwc.com/ca/fr/services/tax/government-economic-response-to-covid-19/june-8-update.html \""> PwC</a>"
12-Jun-20,TERRE-NEUVE-ET-LABRADOR,Économique,Extension de la période pendant laquelle un employé peut rester temporairement licencié à 26 semaines sur une période de 33 semaines consécutives.,"<a href=\""https://www.gov.nl.ca/releases/2020/aesl/0612n04/ \""> Gouvernement de Terre-Neuve-et-Labrador</a>"
24-Jun-20,TERRE-NEUVE-ET-LABRADOR,Santitaire,Changement au niveau d’alerte 2 et présentation des mesures adoptées.,"<a href=\""https://www.stikeman.com/fr-ca/savoir/guides/Le-retour-au-travail-et-les-plans-de-reouverture#nl \""> Gouvernement de Terre-Neuve-et-Labrador</a>"
25-Jun-20,TERRE-NEUVE-ET-LABRADOR,Sanitaire , Allègement des mesures de voyage et sanitaire.,"<a href=\""https://www.gov.nl.ca/releases/2020/exec/0625n05/ \""> Gouvernement de Terre-Neuve-et-Labrador</a>"
25-Jun-20,TERRE-NEUVE-ET-LABRADOR,Santitaire,Mesures pour toutes les personnes qui traversent la frontière entre le Labrador et le Québec.,"<a href=\""https://www.gov.nl.ca/covid-19/files/Special-Measures-Order-Labrador-Quebec-Border-Amendments-June-26-2020.pdf\""> Gouvernement de Terre-Neuve-et-Labrador</a>"
25-Jun-20,TERRE-NEUVE-ET-LABRADOR,Déconfinement ,Mesures et restrictions relatives au déconfinement.,"<a href=\""https://www.cfib-fcei.ca/en/advocacy/employment-and-labour/newfoundland-and-labrador-covid-19-relief-measures-your-business\""> Gouvernement de Terre-Neuve-et-Labrador</a>"
29-Jun-20,TERRE-NEUVE-ET-LABRADOR,Économique,Programmes de financement et de soutien financier pour Les entreprises en démarrage et les petites entreprises.,"<a href=\""https://www.mondaq.com/canada/financial-services/959538/terre-neuve-et-labrador-covid-19-programmes-de-financement-et-de-soutien-financier-pour-les-entreprises-en-dmarrage-et-les-petites-entreprises \""> MONDAQ</a>"
06-Jul-20,TERRE-NEUVE-ET-LABRADOR,"Économique-Éducative
",Investissement de 20 millions de dollars pour faciliter l'apprentissage numérique.,"<a href=\""https://www.gov.nl.ca/releases/2020/eecd/0706n02/ \""> Gouvernement de Terre-Neuve-et-Labrador</a>"
08-Jul-20,TERRE-NEUVE-ET-LABRADOR,Santitaire,"Allègement pour la réouverture des entreprises titulaires d'une licence en vertu de la loi sur la réglementation des alcool.
","<a href=\""https://www.gov.nl.ca/covid-19/files/Special-Measures-Order-General-Alert-Level-2-Bar-Establishments-Amendment-July-8-2020.pdf\""> Gouvernement de Terre-Neuve-et-Labrador</a>"
17-Jul-20,TERRE-NEUVE-ET-LABRADOR,Économique,Report au 20 août 2020 de la date limite à laquelle les employeurs doivent soumettre leurs demandes dans le cadre du programme de soutien aux travailleurs essentiels COVID-19.,"<a href=\""https://www.gov.nl.ca/releases/2020/aesl/0717n02/ \""> Gouvernement de Terre-Neuve-et-Labrador</a>"
24-Aug-20,TERRE-NEUVE-ET-LABRADOR,Santitaire,Mesure sur le port du masque,"<a href=\""https://www.gov.nl.ca/covid-19/files/Mandatory-Masking-045993-003.pdf\""> Gouvernement de Terre-Neuve-et-Labrador</a>"
24-Aug-20,TERRE-NEUVE-ET-LABRADOR,Santitaire,Mesure concernant les rassemblements,"<a href=\""https://www.gov.nl.ca/covid-19/files/GatheringsAmendment045993.pdf\""> Gouvernement de Terre-Neuve-et-Labrador</a>"
26-Aug-20,TERRE-NEUVE-ET-LABRADOR,Éducative,Augmentation des postes d'administrateurs scolaires et de conseillers d'orientation pour la nouvelle année scolaire. ,"<a href=\""https://www.gov.nl.ca/releases/2020/education/0826n02/ \""> Gouvernement de Terre-Neuve-et-Labrador</a>"
27-Aug-20,TERRE-NEUVE-ET-LABRADOR,Tourisme ,Changements dans les restrictions de voyage pour les habitants de la province.,"<a href=\""https://www.gov.nl.ca/releases/2020/health/0827n02/ \""> Gouvernement de Terre-Neuve-et-Labrador</a>"
03-Sep-20,TERRE-NEUVE-ET-LABRADOR,Éducative,Plan de retour en classe durant la pandémie de COVID-19 – Renseignements destinés aux parents ,"<a href=\""https://www.gov.nl.ca/education/files/Plan-de-retour-pandemie-Renseignements-destines-aux-parents.pdf\""> Gouvernement de Terre-Neuve-et-Labrador</a>"
03-Sep-20,TERRE-NEUVE-ET-LABRADOR,Santitaire,Mesure d’auto-isolation,"<a href=\""https://www.gov.nl.ca/covid-19/files/Self-Isolation-Exemption-Order-Rotational-Workers-September-3-2020.pdf\""> Gouvernement de Terre-Neuve-et-Labrador</a>"
09-Sep-20,TERRE-NEUVE-ET-LABRADOR,Santitaire,Prolongement de l’urgence sanitaire,"<a href=\""https://www.gov.nl.ca/covid-19/files/Repeal-one-worker-one-home.pdf \""> Gouvernement de Terre-Neuve-et-Labrador</a>"
23-Sep-20,TERRE-NEUVE-ET-LABRADOR,Santitaire,Révision de l'ordonnance d'exemption d'auto-isolement.,"<a href=\""https://www.gov.nl.ca/covid-19/files/Self-Isolation-Exemption-Order-September-23.pdf \""> Gouvernement de Terre-Neuve-et-Labrador</a>"
25-Sep-20,TERRE-NEUVE-ET-LABRADOR,Économique - sanitaire,"Mesures concernant les travailleurs en rotation sur une épidémie identifiée de COVID-19 à la mine de charbon Teck à Elkford, en Colombie-Britannique de retour en Terre-Neuve-et-Labrador.","<a href=\""https://www.gov.nl.ca/releases/2020/health/0925n08/ \""> Gouvernement de Terre-Neuve-et-Labrador</a>"
14-Oct-20,TERRE-NEUVE-ET-LABRADOR,Économique,Supplément du FARR destiné à l’APECA versés aux petites et moyennes entreprises (PME) pour les aider à poursuivre leurs activités et à garder leurs employés et employées.,"<a href=\""https://www.canada.ca/fr/promotion-economique-canada-atlantique/nouvelles/2020/10/le-fonds-daide-et-de-relance-regionale-elargi-continue-a-soutenir-les-emplois-a-terre-neuve-et-labrador.html \""> Canada.ca</a>"
23-Nov-20,TERRE-NEUVE-ET-LABRADOR,Économique,"Appel à candidatures pour le nouveau programme de stimulation COVID-19 de 23,4 millions de dollars destiné aux collectivités .","<a href=\""https://www.gov.nl.ca/releases/2020/eccm/1123n03/ \""> Gouvernement de Terre-Neuve-et-Labrador</a>"
23-Nov-20,TERRE-NEUVE-ET-LABRADOR,Tourisme,Modifications temporaires au protocole de voyage de la bulle atlantique.,"<a href=\""https://www.gov.nl.ca/releases/2020/exec/1123n04/ \""> Gouvernement de Terre-Neuve-et-Labrador</a>"
25-Nov-20,TERRE-NEUVE-ET-LABRADOR,Tourisme ,Sommaire des exigences relatives aux voyages dans la province. ,"<a href=\""https://www.gov.nl.ca/covid-19/files/NL-Self-Isolating-November-25-2020.pdf \""> Gouvernement de Terre-Neuve-et-Labrador</a>"
25-Nov-20,TERRE-NEUVE-ET-LABRADOR,Santitaire,Mesure restrictive concernant les voyages.,"<a href=\""https://www.gov.nl.ca/covid-19/files/NL-Self-Isolating-November-25-2020.pdf\""> Gouvernement de Terre-Neuve-et-Labrador</a>"
28-Nov-20,TERRE-NEUVE-ET-LABRADOR,"Sanitaire 
",Déclaration de prolongement des mesures d'urgence.,"<a href=\""https://www.gov.nl.ca/covid-19/files/Declaration-of-Public-Health-Emergency-November-28-2020-Extension-17.pdf\""> Gouvernement de Terre-Neuve-et-Labrador</a>"
04-Dec-20,TERRE-NEUVE-ET-LABRADOR,Économique,"Soutien à des organismes provinciaux de sport pour soutenir leurs opérations annuelles, l'aide professionnelle et les projets de haute performance.",
07-Dec-20,TERRE-NEUVE-ET-LABRADOR,Économique,Financement accordé aux municipalités.,"<a href=\""https://www.gov.nl.ca/releases/2020/eccm/1207n02/ \""> Gouvernement de Terre-Neuve-et-Labrador</a>"
15-Dec-20,TERRE-NEUVE-ET-LABRADOR,Économique,Report au 22 décembre 2020 de la date limite du Programme d'aide aux petites entreprises.,"<a href=\""https://www.gov.nl.ca/releases/2020/fin/1215n10/ \""> Gouvernement de Terre-Neuve-et-Labrador</a>"
20-Mar,GROENLAND,Sanitaire ,"Recommendations concernant les vols jugés « non essentiels » à destination et en provenance du Groenland et les rassemblements publics de plus de cent personnes.
","<a href=\""https://www.tvanouvelles.ca/2020/03/16/meme-le-groenland-est-touche-par-la-covid-19 \""> TVA Nouvelles</a>"
29-Mar-20,GROENLAND,Sécuritaire,Interdiction de la vente d’alcool dans la capitale afin de lutter contre les violences domestiques et contre les abus sexuels.,"<a href=\""https://www.leparisien.fr/societe/coronavirus-le-groenland-interdit-la-vente-d-alcool-dans-sa-capitale-29-03-2020-8290098.php\""> Le Parisien</a>"
08-Apr-20,GROENLAND,Économique,Aide d'urgence aux compagnies minières. ,"<a href=\""https://www.globenewswire.com/news-release/2020/04/08/2013622/0/en/GREENLAND-GOVERNMENT-PROVIDES-RELIEF-TO-MINING-COMPANIES-IN-RESPONSE-TO-COVID-19.html\""> Globe News Wire</a>"
10-Apr-20,GROENLAND,Sécuritaire ,Mainteance des restrictions de circulation et de voyage.,"<a href=\""https://www.worldaware.com/covid-19-alert-greenland-continues-movement-travel-restrictions-through-april-30\""> World Aware</a>"
15-Apr-20,GROENLAND,Sanitaire ,Discussions autour d'un déconfinement.,"<a href=\""https://www.arctictoday.com/after-11-covid-19-infections-greenland-plans-to-slowly-reopen-nuuk/ \""> Arctic Today</a>"
23-Apr-20,GROENLAND,Économique ,Augmentation de l’aide financière aux entreprises qui gardent des employés sur leur liste de paie. ,"<a href=\""https://www.rcinet.ca/regard-sur-arctique/2020/04/23/carte-covid-19-soutien-financier-aux-entreprises-du-groenland-la-pm-finlandaise-en-isolation/ \""> RCINET</a>"
08-May-20,GROENLAND,Sanitaire,Introduction des exigences répétées de tests COVID-19 pour les voyageurs.,"<a href=\""https://www.arctictoday.com/unlike-nunavut-greenland-focuses-on-covid-19-tests-for-arriving-travellers/ \""> Artic Today</a>"
13-Aug-20,GROENLAND,Sanitaire,Changements apportés aux règles de COVID-19 pour les voyageurs d'Islande etdes îles Féroé.,"<a href=\""https://www.rcinet.ca/eye-on-the-arctic/2020/08/13/greenland-changes-covid-19-rules-for-travellers-from-iceland-faroe-islands/ \""> RCINET</a>"
26-Aug-20,GROENLAND,Sanitaire ,Changement stratégique pour éviter la propagation de la Covid-19 sur le territoire.,"<a href=\""https://www.rcinet.ca/eye-on-the-arctic/2020/08/26/greenland-approves-revised-covid-19-strategy/ \""> RCINET</a>"
27-Aug-20,GROENLAND,Sanitaire ,"Changement d'approche dans la lutte contre la maladie, qui se concentrera désormais sur la prévention de l'entrée du virus.","<a href=\""https://www.arctictoday.com/greenland-taking-long-term-approach-to-covid-19/ \""> Artic Today</a>"
01-Sep-20,GROENLAND,Sanitaire ,"Changement d'approche dans la lutte contre la maladie, qui se concentrera désormais sur la prévention de l'entrée du virus.","<a href=\""https://nunatsiaq.com/stories/article/greenland-is-taking-a-long-term-approach-to-battling-covid-19/ \""> NUNATSIAQ</a>"
21-Sep-20,GROENLAND,Sanitaire ,"Recommandations pour les voyageurs venant au Groenland depuis les municipalités dites ""rouges"", des endroits avec un taux d'infection élevé, au Danemark. ","<a href=\""https://www.rcinet.ca/eye-on-the-arctic/2020/09/21/greenland-reexamining-covid-19-rules-after-cases-surge-in-denmark/ \""> RCINET</a>"
28-Nov-20,GROENLAND,Sécuritaire ,Reconfinement partiel et présentation des restrictions en vigueur.,"<a href=\""https://partir.ouest-france.fr/groenland/covid-19 \""> Quand Partir</a>"